Model,Accuracy,Precision,Recall,F1-Score,AUC-ROC,Top-k Accuracy
SVM,0.6652892561983471,0.6951252659229328,0.6652892561983471,0.6540860262885972,0.8914432471708876,0.9090909090909091
CNN,0.5206611570247934,0.41384675508644236,0.5206611570247934,0.45406690308696585,0.776843198385176,0.8161157024793388
NAIVE BAYES,0.48760330578512395,0.41160146376807605,0.48760330578512395,0.3753712456671683,0.8127745163359087,0.8326446280991735
LSTM,0.27892561983471076,0.07796057697243468,0.27892561983471076,0.12186070769477653,0.44846807267349337,0.6384297520661157
